,City,Cloudiness,Country,Date,Humidity,Lat,Lng,Max Temp,Wind Speed
0,Katsuura,20,JP,1573067117,81,33.93,134.5,50.0,12.75
1,Chokurdakh,100,RU,1573067119,95,70.62,147.9,4.01,5.37
2,Bredasdorp,58,ZA,1573067120,67,-34.53,20.04,60.01,17.22
3,Grindavik,100,IS,1573067121,60,63.84,-22.43,37.4,12.75
4,Santiago de Cao,20,PE,1573067122,72,-7.96,-79.24,68.0,13.87
5,Jamestown,60,AU,1573067123,78,-33.21,138.6,48.88,16.15
6,Mar del Plata,100,AR,1573067077,16,-46.43,-67.52,63.9,36.04
7,Hermanus,23,ZA,1573067126,74,-34.42,19.24,60.01,11.01
8,Ponnani,75,IN,1573066869,94,10.77,75.93,77.0,4.7
9,La Plata,75,AR,1573067128,61,-34.92,-57.95,80.01,14.99
10,Along,0,IN,1573067129,91,28.17,94.8,59.83,3.09
11,Barrow,0,AR,1573067131,27,-38.31,-60.23,85.19,17.36
12,Kodiak,1,US,1573067132,51,39.95,-94.76,64.99,9.17
13,Victoria,75,BN,1573067133,88,5.28,115.24,78.8,1.12
14,Ziro,1,IN,1573067134,83,27.54,93.82,54.73,3.18
15,Bluff,47,AU,1573067135,83,-23.58,149.07,61.59,4.03
16,Mataura,100,NZ,1573067137,92,-46.19,168.86,52.0,1.23
17,Nikolskoye,100,RU,1573067138,74,59.7,30.79,30.0,11.18
18,Rikitea,27,PF,1573067139,85,-23.12,-134.97,75.38,2.15
19,Punta Arenas,20,CL,1573067140,75,-53.16,-70.91,44.6,28.86
20,Husavik,13,CA,1573067142,61,50.56,-96.99,19.99,7.0
21,Champerico,40,MX,1573067143,55,16.38,-93.6,86.0,6.33
22,Kavieng,100,PG,1573067144,79,-2.57,150.8,81.77,13.27
23,Morondava,83,MG,1573067145,82,-20.3,44.28,77.83,4.23
24,Emerald,25,AU,1573067147,62,-23.53,148.16,59.0,1.12
25,Hobart,75,AU,1573067148,70,-42.88,147.33,45.0,13.87
26,Busselton,90,AU,1573067150,62,-33.64,115.35,55.0,11.14
27,Castro,90,CL,1573067151,99,-42.48,-73.76,53.6,6.93
28,San Patricio,32,PY,1573067152,42,-26.98,-56.83,90.36,4.38
29,Zhezkazgan,79,KZ,1573067153,40,47.8,67.71,32.74,7.99
30,Clyde River,90,CA,1573067155,92,70.47,-68.59,23.0,5.82
31,Asosa,41,ET,1573067156,87,10.07,34.53,66.2,4.65
32,Hilo,1,US,1573067157,57,19.71,-155.08,81.0,4.7
33,Albany,20,US,1573067079,34,42.65,-73.75,50.0,10.29
34,Ketchikan,90,US,1573067160,100,55.34,-131.65,44.6,6.93
35,Pozo Colorado,100,PY,1573067161,47,-23.49,-58.8,91.02,3.62
36,Broome,86,GB,1573067163,93,52.47,1.45,45.0,4.7
37,Sao Filipe,60,CV,1573067164,75,14.9,-24.5,77.13,21.72
38,Machilipatnam,100,IN,1573067166,83,16.18,81.14,78.8,2.24
39,Srednekolymsk,100,RU,1573067167,94,67.46,153.71,15.48,3.11
40,Georgetown,75,GY,1573067168,70,6.8,-58.16,93.2,11.41
41,Beja,90,PT,1573067170,77,38.02,-7.87,59.0,4.7
42,Mwanza,20,TZ,1573067171,73,-2.52,32.9,75.2,11.41
43,Kodinsk,100,RU,1573067172,93,58.6,99.18,25.5,9.78
44,Kaitangata,100,NZ,1573067173,98,-46.28,169.85,51.01,3.0
45,Duncan,90,US,1573067174,88,34.5,-97.96,66.0,4.7
46,Cape Town,40,ZA,1573067176,72,-33.93,18.42,63.0,10.29
47,Madarounfa,0,NE,1573067177,35,13.3,7.16,86.0,2.24
48,Arraial do Cabo,75,BR,1573067178,78,-22.97,-42.02,77.0,9.17
49,Ponta do Sol,65,BR,1573067179,46,-20.63,-46.0,87.49,3.4
50,Carutapera,17,BR,1573067180,75,-1.2,-46.02,82.67,17.78
51,Boa Vista,75,BR,1573067182,46,2.82,-60.67,91.4,8.05
52,Maldonado,75,UY,1573067183,41,-34.91,-54.96,77.0,11.41
53,Butaritari,100,KI,1573067184,73,3.07,172.79,83.95,10.74
54,Bambous Virieux,40,MU,1573067185,88,-20.34,57.76,75.2,6.93
55,Muros,75,ES,1573067186,100,42.77,-9.06,60.01,8.05
56,Tiksi,91,RU,1573067187,97,71.64,128.87,-11.01,3.51
57,Palana,24,RU,1573067189,74,59.08,159.95,34.79,16.15
58,Kapaa,40,US,1573067190,88,22.08,-159.32,77.0,8.05
59,Port Elizabeth,1,US,1573067191,33,39.31,-74.98,59.0,6.93
60,Puerto Ayora,40,EC,1573067192,57,-0.74,-90.35,80.6,19.46
61,Sept-Iles,75,CA,1573066948,59,50.2,-66.38,37.4,23.04
62,Tadine,13,NC,1573067194,84,-21.55,167.88,67.1,7.92
63,Novikovo,94,RU,1573067195,80,51.15,37.89,56.41,15.01
64,Luderitz,0,NA,1573067197,85,-26.65,15.16,57.65,25.21
65,Hithadhoo,92,MV,1573067198,68,-0.6,73.08,82.74,5.77
66,Omsukchan,100,RU,1573067199,88,62.53,155.8,23.02,7.09
67,Nalut,100,LY,1573067200,41,31.86,10.98,71.31,13.29
68,Aripuana,100,BR,1573067201,38,-9.17,-60.63,95.86,4.45
69,Ushuaia,75,AR,1573066918,100,-54.81,-68.31,37.4,19.46
70,Gijon,75,ES,1573067204,82,43.54,-5.66,61.0,11.41
71,Provideniya,0,RU,1573067205,80,64.42,-173.23,16.65,12.84
72,Witu,20,KE,1573067206,83,-2.39,40.44,80.6,9.95
73,Nyurba,3,RU,1573067207,96,63.29,118.35,-7.48,3.74
74,Atambua,48,ID,1573067209,76,-9.11,124.89,75.09,1.81
75,Kenitra,20,MA,1573067034,87,34.26,-6.57,64.0,3.36
76,Rocha,27,UY,1573067211,49,-34.48,-54.34,74.82,7.07
77,San Cristobal,63,HN,1573067212,54,14.68,-86.92,79.3,3.67
78,Atuona,33,PF,1573067213,77,-9.8,-139.03,80.56,20.94
79,Ambon,95,FR,1573067215,82,47.55,-2.56,55.4,11.41
80,Yellowknife,20,CA,1573067209,85,62.45,-114.38,15.01,5.82
81,Lagoa,20,PT,1573067217,59,37.14,-8.45,64.99,13.87
82,Airai,34,TL,1573067218,73,-8.93,125.41,66.49,4.03
83,Hurricane,1,US,1573067209,16,37.18,-113.29,66.2,1.43
84,Port Hardy,90,CA,1573067220,93,50.7,-127.42,44.6,4.7
85,Cayenne,47,GF,1573067222,70,4.94,-52.33,84.2,10.29
86,Chumikan,46,RU,1573067223,51,54.72,135.31,14.72,17.36
87,Avarua,33,CK,1573067228,73,-21.21,-159.78,75.2,4.7
88,Hamilton,75,CA,1573067229,51,43.26,-79.87,42.8,16.11
89,Port Alfred,91,ZA,1573067230,92,-33.59,26.89,64.0,11.39
90,Rio Grande,0,BR,1573067136,44,-32.03,-52.1,75.2,12.75
91,Lompoc,1,US,1573067232,55,34.64,-120.46,75.99,4.7
92,Goderich,44,CA,1573067233,82,43.74,-81.71,37.99,4.0
93,Dikson,0,RU,1573067235,89,73.51,80.55,-9.41,12.08
94,Fairlie,90,US,1573067236,64,33.31,-95.96,75.2,11.41
95,Saint-Philippe,20,CA,1573067237,35,45.36,-73.48,43.0,21.92
96,Upernavik,100,GL,1573067238,95,72.79,-56.15,21.83,5.68
97,Guerrero Negro,13,MX,1573067239,53,27.97,-114.04,72.43,8.97
98,Venado Tuerto,100,AR,1573067240,23,-33.75,-61.97,84.99,4.0
99,Kloulklubed,90,PW,1573067242,83,7.04,134.26,80.6,13.87
100,Hobyo,71,SO,1573067243,75,5.35,48.53,80.74,9.89
101,Gat,4,SN,1573067244,61,14.69,-16.54,100.4,19.46
102,Zhanaozen,83,KZ,1573067245,28,43.35,52.85,43.86,13.42
103,Ribas do Rio Pardo,100,BR,1573067246,32,-20.45,-53.76,96.04,5.59
104,Ormara,0,PK,1573067248,36,25.21,64.64,79.99,23.58
105,Umm Kaddadah,0,SD,1573067249,12,13.6,26.69,84.99,7.09
106,Vaini,100,IN,1573067250,97,15.34,74.49,68.5,2.46
107,Gimli,13,CA,1573067251,60,50.63,-96.99,19.99,8.01
108,Torbay,90,CA,1573067252,100,47.66,-52.73,48.99,24.16
109,Constitucion,75,MX,1573067253,49,23.99,-104.67,73.0,2.24
110,New Norfolk,75,AU,1573067254,70,-42.78,147.06,45.0,13.87
111,Tuktoyaktuk,90,CA,1573067256,85,69.44,-133.03,21.2,9.17
112,Tuatapere,100,NZ,1573067257,92,-46.13,167.69,52.0,1.12
113,Vila Franca do Campo,75,PT,1573067258,68,37.72,-25.43,64.4,8.05
114,Mocuba,48,MZ,1573067259,76,-16.84,36.99,74.35,5.12
115,Codrington,0,AU,1573067260,93,-28.95,153.24,51.01,5.82
116,Vestmannaeyjar,20,IS,1573067261,86,63.44,-20.27,37.4,18.34
117,Bethel,90,US,1573067262,91,60.79,-161.76,33.8,10.29
118,Ancud,90,CL,1573067264,95,-41.87,-73.83,53.6,6.93
119,Tazovskiy,83,RU,1573067265,95,67.47,78.7,3.99,5.73
120,Komsomolskiy,83,RU,1573067266,97,67.55,63.78,6.39,4.7
121,Harper,90,US,1573067267,88,30.3,-99.24,75.0,8.05
122,Kahului,40,US,1573067268,78,20.89,-156.47,78.8,12.75
123,Fort Nelson,40,CA,1573067269,84,58.81,-122.69,6.8,2.24
124,Alofi,8,NU,1573067271,100,-19.06,-169.92,69.8,5.82
125,Quebec,75,CA,1573067006,40,46.83,-71.24,37.99,12.75
126,Springfield,1,US,1573067207,27,42.1,-72.59,55.4,17.22
127,Kununurra,0,AU,1573067274,72,-15.77,128.74,68.0,8.66
128,Praia da Vitoria,40,PT,1573067201,72,38.73,-27.07,64.4,3.04
129,Laguna,40,BZ,1573067276,78,16.17,-88.94,82.4,6.93
130,Khatanga,0,RU,1573067278,81,71.98,102.47,-6.81,10.45
131,Chuy,0,UY,1573067279,51,-33.69,-53.46,70.2,5.59
132,Comodoro Rivadavia,40,AR,1573067280,21,-45.87,-67.48,69.8,28.86
133,Ixtapa,5,MX,1573067282,59,20.71,-105.21,89.6,1.72
134,East London,20,ZA,1573067055,82,-33.02,27.91,66.2,13.87
135,Waitara,96,NZ,1573067284,68,-39.0,174.24,64.99,3.0
136,Cherskiy,100,RU,1573067285,79,68.75,161.3,25.7,5.37
137,Palmer,75,AU,1573067286,71,-34.85,139.16,57.99,19.46
138,Kharan,0,PK,1573067287,20,28.58,65.42,59.23,19.66
139,Qaanaaq,0,GL,1573067289,58,77.48,-69.36,1.83,7.99
140,Plettenberg Bay,83,ZA,1573067290,73,-34.05,23.37,62.44,5.39
141,Mahibadhoo,99,MV,1573067291,76,3.78,72.97,82.45,9.48
142,Pryazha,100,RU,1573067292,79,61.69,33.62,26.6,4.47
143,Bowen,26,AU,1573067294,87,-20.01,148.25,64.0,2.24
144,Minab,0,IR,1573067295,43,27.15,57.07,73.4,9.37
145,Bathsheba,20,BB,1573067295,78,13.22,-59.52,82.4,21.92
146,Kondinskoye,96,RU,1573067297,93,59.65,67.41,39.85,16.71
147,Sterlibashevo,76,RU,1573067298,79,53.44,55.26,33.15,12.24
148,Ahipara,13,NZ,1573067299,100,-35.17,173.16,59.0,12.39
149,Mago,73,RU,1573067301,76,53.27,140.15,21.42,11.36
150,Flinders,40,AU,1573067302,20,-34.58,150.85,71.01,19.46
151,Coahuayana,18,MX,1573067303,59,18.62,-100.35,85.51,2.46
152,Raudeberg,75,NO,1573067304,51,61.99,5.14,39.2,8.05
153,Grand-Lahou,6,CI,1573067305,78,5.24,-5.0,82.26,9.57
154,Saint-Augustin,75,CA,1573067307,44,45.63,-73.98,41.0,12.75
155,Longyearbyen,20,NO,1573067308,71,78.22,15.63,8.6,3.36
156,Moindou,75,NC,1573067309,93,-21.69,165.68,59.0,1.12
157,Kalabo,58,ZM,1573067310,65,-15.0,22.67,73.53,5.57
158,Marsh Harbour,100,BS,1573067311,80,26.54,-77.06,79.5,13.89
159,Saint Anthony,1,US,1573067312,49,43.97,-111.68,50.0,4.7
160,Sorland,40,NO,1573067313,59,67.67,12.69,35.6,11.41
161,Takoradi,22,GH,1573067315,81,4.89,-1.75,81.36,8.9
162,Chute-aux-Outardes,75,CA,1573067316,51,49.12,-68.38,33.8,18.34
163,Thompson,90,CA,1573067273,77,55.74,-97.86,6.8,10.29
164,San Isidro,75,CR,1573067318,73,10.02,-84.06,73.4,17.22
165,Maningrida,18,AU,1573067319,77,-12.05,134.23,78.06,4.36
166,Huarmey,2,PE,1573067321,43,-10.07,-78.15,79.65,11.54
167,Cidreira,0,BR,1573067322,63,-30.17,-50.22,67.84,13.6
168,Aklavik,90,CA,1573067323,71,68.22,-135.01,14.0,5.82
169,Caravelas,0,BR,1573067324,56,-17.73,-39.27,86.95,15.7
170,Garbolovo,100,RU,1573067325,74,60.34,30.5,30.0,11.18
171,Pacific Grove,40,US,1573067326,76,36.62,-121.92,66.99,12.28
172,Maceio,16,BR,1573067075,65,-9.67,-35.74,82.4,16.11
173,Nichinan,0,JP,1573067329,76,31.65,131.31,50.0,5.01
174,Ust-Koksa,100,RU,1573067330,95,50.27,85.62,22.78,2.08
175,Saldanha,91,PT,1573067331,86,41.42,-6.55,48.69,7.54
176,Smolenskoye,0,RU,1573067332,83,52.31,85.08,31.12,4.38
177,Saint George,75,GR,1573067334,77,39.45,22.34,60.8,5.82
178,Sitka,16,US,1573067335,59,37.17,-99.65,59.0,5.99
179,Chicama,20,PE,1573067336,72,-7.84,-79.15,68.0,13.87
180,Padang,7,ID,1573067337,88,-0.92,100.36,65.46,2.64
181,Linxi,5,CN,1573067338,93,23.65,116.7,62.6,2.48
182,Waipawa,100,NZ,1573067340,90,-39.94,176.59,55.99,1.43
183,Camocim,0,BR,1573067341,36,-2.9,-40.84,95.74,12.75
184,Zyryanka,100,RU,1573067342,94,65.73,150.89,3.49,14.47
185,Sosnovo-Ozerskoye,100,RU,1573067343,70,52.53,111.54,16.9,10.4
186,Severo-Kurilsk,97,RU,1573067345,92,50.68,156.12,33.21,7.16
187,Isla Mujeres,75,MX,1573067346,70,21.23,-86.73,86.0,9.17
188,San Miguel,75,AR,1573067347,50,-34.54,-58.72,80.01,11.41
189,Kaeo,26,NZ,1573067348,95,-35.1,173.78,59.0,1.01
190,Biak,49,ID,1573067349,69,-0.91,122.88,81.9,11.83
191,Suntar,35,RU,1573067351,86,62.16,117.65,-0.35,6.76
192,Beaverlodge,40,CA,1573067352,91,55.21,-119.43,3.2,3.36
193,Volchanets,77,RU,1573067354,63,42.91,132.75,30.65,4.59
194,Yantzaza,75,EC,1573067355,42,-3.83,-78.76,82.4,6.93
195,Faanui,66,PF,1573067310,79,-16.48,-151.75,79.9,12.46
196,Balabac,100,PH,1573067358,75,7.99,117.06,80.71,20.15
197,Soyo,0,AO,1573067359,76,-6.13,12.37,79.72,9.42
198,French Harbor,75,HN,1573067360,78,16.35,-86.43,82.4,6.93
199,Rabak,39,SD,1573067361,23,13.18,32.74,95.58,3.96
200,Carnarvon,12,ZA,1573067363,23,-30.97,22.13,63.61,21.94
201,Avera,1,US,1573067364,49,33.19,-82.53,73.99,10.29
202,Samana,40,EC,1573067365,74,0.12,-76.97,84.2,3.36
203,Clarence Town,0,AU,1573067366,44,-32.59,151.78,70.0,1.99
204,Santa Ines,75,EC,1573067367,52,-0.82,-78.63,64.4,18.34
205,Ribeira Grande,75,PT,1573067369,63,38.52,-28.7,66.2,3.36
206,Kruisfontein,100,ZA,1573067370,75,-34.0,24.73,60.57,10.0
207,Belaya Gora,100,RU,1573067371,96,68.54,146.19,2.75,6.42
208,Tabuk,99,PH,1573067372,95,17.41,121.44,74.05,4.52
209,Leningradskiy,53,RU,1573067373,90,69.38,178.42,16.16,14.92
210,Batagay-Alyta,88,RU,1573067374,92,67.8,130.41,-12.23,4.25
211,Kondoa,74,TZ,1573067376,59,-4.91,35.78,70.84,10.63
212,Kavaratti,9,IN,1573067377,79,10.57,72.64,81.34,11.59
213,Manutuke,100,NZ,1573067378,60,-38.68,177.91,68.0,5.01
214,Rodrigues Alves,75,BR,1573067379,78,-7.74,-72.65,80.6,16.11
215,Fuzhou,20,CN,1573067380,72,26.08,119.3,66.2,4.47
216,Grodig,75,AT,1573067382,93,47.73,13.03,45.0,5.82
217,Pangody,84,RU,1573067383,94,65.85,74.49,6.06,7.74
218,Havelock,20,US,1573067384,63,34.88,-76.9,68.0,13.87
219,Ortakoy,0,TR,1573067385,62,38.74,34.04,51.8,2.62
220,Tasiilaq,40,GL,1573067386,58,65.61,-37.64,28.4,11.41
221,Arlit,0,NE,1573067387,10,18.74,7.39,91.53,7.67
222,Parnamirim,40,BR,1573067388,62,-5.92,-35.27,84.2,21.92
223,Melfi,90,IT,1573067390,93,41.0,15.66,57.2,10.29
224,Zhigansk,44,RU,1573067391,97,66.77,123.37,-18.93,3.44
225,Jumla,33,NP,1573067392,61,29.28,82.18,38.55,4.12
226,Rawson,100,AR,1573067393,45,-43.3,-65.11,62.28,23.17
227,Aswan,2,EG,1573067394,19,24.09,32.9,80.6,8.05
228,Lima,75,PE,1573067292,72,-12.06,-77.04,68.0,8.05
229,Vostok,49,RU,1573067396,81,46.45,135.83,9.43,5.32
230,Maniitsoq,99,GL,1573067398,75,65.42,-52.9,29.46,10.42
231,Port Lincoln,97,AU,1573067399,69,-34.72,135.86,55.83,15.17
232,Araouane,6,ML,1573067400,16,18.9,-3.53,85.33,7.05
233,Dongli,0,CN,1573067401,68,24.18,117.61,66.2,4.47
234,Nikki,0,BJ,1573067402,38,9.94,3.21,82.99,3.11
235,Matara,92,BI,1573067403,88,-3.48,29.48,60.75,3.67
236,Zeya,85,RU,1573067405,83,53.74,127.27,3.54,9.13
237,Mahebourg,40,MU,1573067406,88,-20.41,57.7,75.2,6.93
238,Nanortalik,0,GL,1573067407,76,60.14,-45.24,33.82,9.13
239,Evensk,100,RU,1573067408,87,61.92,159.24,28.85,37.11
240,Progreso,75,UY,1573067409,47,-34.68,-56.22,79.0,13.87
241,Ucluelet,75,CA,1573067213,87,48.94,-125.55,48.99,2.24
242,Sao Joao da Barra,75,BR,1573067412,62,-21.64,-41.05,84.2,20.8
243,Touros,75,BR,1573067413,62,-5.2,-35.46,84.2,17.22
244,Puerto Escondido,5,MX,1573067414,74,15.86,-97.07,84.2,6.93
245,Vostochnyy,90,RU,1573067415,100,55.82,37.87,50.0,4.47
246,Ambilobe,70,MG,1573067416,62,-13.19,49.05,80.69,14.47
247,Fairbanks,90,US,1573067418,100,64.84,-147.72,25.0,1.88
248,Isangel,75,VU,1573067419,94,-19.55,169.27,73.4,1.36
249,Esperance,90,AU,1573067420,81,-33.86,121.89,53.6,9.17
250,Wajid,39,SO,1573067421,74,3.81,43.25,77.94,6.15
251,Nome,1,US,1573067422,47,30.04,-94.42,80.01,6.93
252,Ulagan,80,RU,1573067423,91,50.63,87.96,23.2,0.47
253,Coihaique,75,CL,1573067356,46,-45.58,-72.07,55.4,16.11
254,Lucapa,100,AO,1573067426,87,-8.42,20.74,70.25,1.48
255,Filadelfia,100,PY,1573067427,41,-22.35,-60.04,93.61,5.84
256,Jatai,33,IN,1573067428,28,28.97,76.18,76.35,5.61
257,Mount Isa,64,AU,1573067430,12,-20.73,139.49,68.0,11.48
258,Trairi,14,BR,1573067431,36,-3.28,-39.27,92.7,10.71
259,Nador,0,MA,1573067432,63,35.17,-2.93,64.4,9.17
260,Port-Gentil,75,GA,1573067433,83,-0.72,8.78,82.4,11.41
261,Alekseyevka,75,RU,1573067435,87,53.25,50.49,46.4,24.61
262,Sucua,75,EC,1573067436,73,-2.46,-78.17,77.0,5.82
263,Broken Hill,0,AU,1573067438,58,-31.97,141.45,55.4,17.22
264,Rognan,72,NO,1573067329,68,67.1,15.4,26.6,14.99
265,Shalya,96,RU,1573067440,93,57.25,58.73,40.01,13.15
266,Chernyshevskiy,100,RU,1573067442,95,63.01,112.47,1.2,8.1
267,Margate,75,AU,1573067345,70,-43.03,147.26,45.0,13.87
268,Bandarbeyla,23,SO,1573067444,77,9.49,50.81,80.67,8.23
269,Nevelsk,40,RU,1573067446,64,46.67,141.86,33.8,11.18
270,Marsabit,12,KE,1573067447,48,2.34,37.99,82.2,20.18
271,Grand Gaube,40,MU,1573067448,88,-20.01,57.66,75.2,6.93
272,Ust-Ishim,100,RU,1573067449,95,57.69,71.17,36.84,10.22
273,Aksarka,98,RU,1573067432,83,66.56,67.8,8.11,0.76
274,Tilichiki,100,RU,1573067452,84,60.47,166.1,33.76,27.89
275,Yulara,0,AU,1573067280,22,-25.24,130.99,64.4,5.82
276,Constantine,75,DZ,1573067454,81,36.36,6.61,50.0,17.22
277,Manokwari,100,ID,1573067455,77,-0.87,134.08,73.94,4.27
278,Camacha,40,PT,1573067337,72,33.08,-16.33,66.2,16.11
279,Pedasi,34,PA,1573067457,72,7.53,-80.03,82.53,4.65
280,Mogadishu,62,SO,1573067180,77,2.04,45.34,81.07,9.95
281,Naze,75,NG,1573067460,88,5.43,7.07,78.8,3.36
282,Oriximina,36,BR,1573067461,38,-1.77,-55.87,97.57,5.1
283,Mubende,21,UG,1573067465,90,0.56,31.4,63.64,0.74
284,Changying,1,CN,1573067466,71,52.87,123.32,1.56,12.06
285,Benguela,40,AO,1573067468,78,-12.58,13.4,80.6,9.17
286,Amapa,40,HN,1573067469,62,15.09,-87.97,86.0,9.17
287,Changzhou,98,CN,1573067470,80,31.81,119.97,63.0,5.97
288,Snezhnogorsk,75,RU,1573067471,92,69.19,33.23,17.6,2.24
289,Concordia,75,AR,1573067466,44,-31.4,-58.02,79.0,11.41
290,Shingu,0,JP,1573067475,60,33.72,135.99,60.55,5.17
291,Martinopolis,75,BR,1573067476,40,-22.15,-51.17,89.6,9.17
292,Nhulunbuy,0,AU,1573067478,88,-12.18,136.78,78.8,4.7
293,Marsa Matruh,0,EG,1573067479,77,31.35,27.25,69.8,9.98
294,Show Low,75,US,1573067481,76,34.25,-110.03,60.01,13.94
295,Mashhad,0,IR,1573067482,52,36.3,59.61,41.0,4.7
296,Roald,95,NO,1573067484,69,62.58,6.12,33.8,12.75
297,Kiruna,97,SE,1573067485,85,67.86,20.23,15.8,2.24
298,Xushan,20,CN,1573067487,87,30.18,121.25,68.0,2.24
299,Dondo,20,MZ,1573067465,74,-19.62,34.74,78.8,12.75
300,Anadyr,56,RU,1573067490,92,64.73,177.51,17.6,5.37
301,Taltal,0,CL,1573067491,61,-25.41,-70.49,63.0,7.83
302,Saskylakh,0,RU,1573067428,97,71.97,114.09,-17.49,7.27
303,Maryville,1,US,1573067494,42,35.76,-83.97,70.0,4.38
304,Tura,85,RU,1573067496,100,64.27,100.22,-9.23,1.77
305,Pimentel,51,BR,1573067497,44,-3.7,-45.5,93.38,5.3
306,Jalu,0,LY,1573067499,27,29.03,21.55,77.45,10.49
307,Yerbogachen,100,RU,1573067500,96,61.28,108.01,14.68,3.98
308,Namibe,2,AO,1573067502,76,-15.19,12.15,73.44,3.27
309,Numan,1,NG,1573067503,33,9.46,12.04,85.78,3.27
310,Sulangan,99,PH,1573067504,74,11.14,123.72,81.37,6.04
311,Alihe,0,CN,1573067506,50,50.57,123.73,7.57,11.5
312,Abu Samrah,0,SY,1573067507,48,35.3,37.18,67.87,7.02
313,Yaan,66,NG,1573067508,60,7.38,8.57,83.03,1.5
314,Dingle,98,PH,1573067510,91,11.0,122.67,74.34,7.11
315,Gamba,0,CN,1573067511,64,28.28,88.52,27.63,2.8
316,Lorengau,100,PG,1573067277,74,-2.02,147.27,82.42,13.42
317,Baykit,86,RU,1573067514,95,61.68,96.39,11.32,3.22
318,Alcudia,0,ES,1573067515,71,39.85,3.12,60.8,2.24
319,Northam,91,AU,1573067516,52,-31.65,116.67,64.4,6.93
320,Bolivar,90,US,1573067518,93,37.61,-93.41,53.01,9.17
321,Karaton,20,ID,1573067519,78,-6.34,106.1,77.0,10.29
322,Nyuksenitsa,98,RU,1573067521,92,60.41,44.24,16.61,4.41
323,San Policarpo,33,PH,1573067522,85,12.18,125.51,78.1,5.53
324,Hasaki,20,JP,1573067523,93,35.73,140.83,50.0,3.36
325,Callaway,40,US,1573067525,53,46.98,-95.91,26.6,18.34
326,Noyabrsk,100,RU,1573067526,96,63.2,75.45,22.23,9.75
327,Nerchinskiy Zavod,28,RU,1573067527,56,51.31,119.61,6.13,2.04
328,San Andres,40,PH,1573067529,84,13.32,122.68,79.07,12.53
329,Segou,87,SN,1573067530,56,12.41,-12.29,93.2,4.7
330,Dongkan,96,CN,1573067532,77,34.0,119.83,54.61,2.01
331,Soe,100,EE,1573067533,93,57.91,26.05,32.0,10.29
332,Auki,17,NG,1573067340,23,12.18,6.51,83.3,4.83
333,Svetlogorsk,75,RU,1573067536,55,53.14,59.15,35.6,26.84
334,Qinzhou,2,CN,1573067537,62,21.96,108.62,66.92,3.74
335,Cotacachi,40,EC,1573067538,38,0.3,-78.27,75.2,5.82
336,Viransehir,0,TR,1573067540,40,37.24,39.76,64.62,5.46
337,Poum,75,MK,1573067541,63,41.28,20.71,62.6,18.34
338,Metlaltoyuca,75,MX,1573067542,74,20.74,-97.85,82.4,11.41
339,Aksha,72,RU,1573067543,67,50.28,113.29,15.96,3.96
340,Genhe,0,CN,1573067544,81,50.78,121.52,2.01,5.37
341,Binga,57,ZW,1573067546,43,-17.62,27.34,84.47,4.97
342,Port-Cartier,75,CA,1573067547,59,50.03,-66.88,37.4,23.04
343,Richards Bay,49,ZA,1573067548,69,-28.77,32.06,79.41,20.65
344,Narsaq,5,GL,1573067549,58,60.91,-46.05,30.2,4.7
345,Cockburn Town,75,TC,1573067428,70,21.46,-71.14,84.2,13.87
346,Taoudenni,0,ML,1573067551,21,22.68,-3.98,83.71,11.9
347,Mabaruma,70,GY,1573067553,84,8.2,-59.78,83.43,2.21
348,Asha,100,RU,1573067554,85,54.99,57.29,34.23,13.56
349,Dongsheng,100,CN,1573067555,59,29.72,112.52,62.06,5.79
350,Port Macquarie,40,AU,1573067556,93,-31.43,152.91,51.01,4.7
351,Marawi,88,PH,1573067557,87,8.0,124.29,75.99,5.01
352,Hofn,90,IS,1573067558,86,64.25,-15.21,28.4,4.7
353,Nemuro,0,JP,1573067560,60,43.32,145.57,43.03,20.11
354,Novo Aripuana,97,BR,1573067561,38,-5.12,-60.38,96.93,3.22
355,Paragould,40,US,1573067562,76,36.06,-90.5,57.2,6.76
356,Pionerskiy,100,RU,1573067563,98,61.2,62.86,37.44,6.62
357,Shellbrook,75,CA,1573067564,66,53.22,-106.39,15.8,10.29
358,Saint-Pierre,90,FR,1573067566,100,48.95,4.24,48.99,8.05
359,Sobolevo,100,RU,1573067567,96,54.43,31.9,46.78,8.97
360,Norman Wells,75,CA,1573067568,92,65.28,-126.83,5.0,9.17
361,Yantai,51,CN,1573067569,59,37.53,121.39,59.0,1.01
362,Zaranj,0,AF,1573067570,14,30.95,61.86,57.2,20.8
363,Verkhnyaya Toyma,57,RU,1573067572,95,62.24,45.0,16.43,4.21
364,Santa Cruz de la Palma,20,ES,1573067573,60,28.68,-17.76,69.8,19.46
365,Kandrian,100,PG,1573067574,92,-6.21,149.55,70.74,2.62
366,Batemans Bay,0,AU,1573067296,60,-35.71,150.18,64.99,1.99
367,Waggaman,1,US,1573067577,69,29.92,-90.21,78.8,4.7
368,Ust-Nera,99,RU,1573067578,95,64.57,143.24,-1.14,8.41
369,Salalah,6,OM,1573067307,78,17.01,54.1,82.4,0.81
370,Lavumisa,48,ZA,1573067580,51,-27.31,31.88,84.2,4.7
371,Vanimo,100,PG,1573067314,79,-2.67,141.3,81.32,6.62
372,Coquimbo,0,CL,1573067583,67,-29.95,-71.34,62.6,12.75
373,Qasigiannguit,75,GL,1573067584,68,68.82,-51.19,30.2,14.99
374,Bang Saphan,100,TH,1573067585,93,11.21,99.51,75.22,5.95
375,Rognedino,100,RU,1573067586,88,53.8,33.56,50.29,11.81
376,Guanica,1,PR,1573067587,70,17.97,-66.91,88.0,16.11
377,Sur,4,OM,1573067588,58,22.57,59.53,79.68,9.86
378,Chancay,75,PE,1573067590,72,-11.56,-77.27,68.0,8.05
379,Tondano,20,ID,1573067591,88,1.3,124.91,73.4,2.24
380,Paramonga,25,PE,1573067592,89,-10.68,-77.82,62.06,13.31
381,Cocentaina,16,ES,1573067593,41,38.74,-0.44,64.99,5.82
382,Lebu,40,ET,1573067595,51,8.96,38.73,59.0,9.17
383,Angoche,0,MZ,1573067596,85,-16.23,39.91,76.3,3.87
384,Tarakan,75,ID,1573067597,94,3.3,117.63,78.8,3.36
385,High Rock,75,BS,1573067598,74,26.63,-78.28,84.2,18.34
386,Pisco,0,PE,1573067600,30,-13.71,-76.2,71.6,9.17
387,Annau,7,TM,1573067601,52,37.89,58.52,42.8,6.93
388,Kosonsoy,0,UZ,1573067602,64,41.25,71.55,39.2,6.93
389,Tezu,0,IN,1573067603,65,27.93,96.16,64.76,2.84
390,Moose Factory,90,CA,1573067604,67,51.26,-80.61,23.0,16.11
391,Colquechaca,99,BO,1573067606,57,-18.7,-66.0,59.11,7.23
392,Lawrenceburg,1,US,1573067538,33,35.24,-87.33,72.0,4.7
393,Peniche,75,PT,1573067608,87,39.36,-9.38,61.0,6.93
394,Itarema,0,BR,1573067609,48,-2.92,-39.92,88.45,15.35
395,Liwale,95,TZ,1573067611,85,-9.8,37.92,73.13,4.36
396,Bhadrapur,0,NP,1573067612,68,26.55,88.09,68.5,2.91
397,Ust-Ilimsk,100,RU,1573067613,89,57.96,102.73,26.49,11.61
398,Courtenay,80,FR,1573067614,93,48.04,3.06,48.99,6.93
399,Cristalina,41,BR,1573067615,54,-16.77,-47.61,82.51,8.52
400,Port Blair,94,IN,1573067362,79,11.67,92.75,82.47,22.08
401,Kletskaya,19,RU,1573067618,90,49.31,43.06,55.0,5.99
402,Sistranda,40,NO,1573067619,68,63.73,8.83,30.0,6.93
403,Point Pedro,83,LK,1573067412,76,9.82,80.23,81.63,8.48
404,Tchollire,19,CM,1573067622,42,8.4,14.17,81.7,2.59
405,Xichang,94,CN,1573067624,94,27.88,102.25,42.35,3.44
406,Kharhial,82,IN,1573067625,71,20.28,82.77,69.73,1.39
407,Muisne,90,EC,1573067335,83,0.61,-80.02,78.8,9.17
408,Strezhevoy,90,RU,1573067629,95,60.73,77.6,32.0,8.95
409,Am Timan,0,TD,1573067630,29,11.04,20.28,80.4,0.45
410,Prince Rupert,90,CA,1573067631,93,54.32,-130.32,46.4,2.24
411,Makarska,40,HR,1573067633,72,43.3,17.02,64.4,4.7
412,Namatanai,100,PG,1573067635,79,-3.66,152.44,82.17,13.67
413,Savinka,33,RU,1573067636,84,50.08,47.1,50.49,14.34
414,Banyo,4,CM,1573067637,65,6.75,11.81,72.01,2.3
415,Santa Maria da Boa Vista,0,BR,1573067639,14,-8.8,-39.83,99.79,10.6
416,Oranjemund,0,ZA,1573067640,80,-28.55,16.43,59.65,13.22
417,Sungaipenuh,13,ID,1573067642,87,-2.08,101.38,59.99,1.99
418,Aquiraz,47,BR,1573067643,62,-3.9,-38.39,86.0,12.75
419,Pangnirtung,75,CA,1573067644,85,66.15,-65.72,21.2,2.24
420,Nioro,0,GM,1573067646,16,13.79,-15.05,98.71,4.29
421,Santo Tomas,90,PH,1573067647,83,7.53,125.62,78.8,5.01
422,Ponta Delgada,75,PT,1573067649,68,37.73,-25.67,64.4,8.05
423,Kupino,100,RU,1573067650,85,54.36,77.31,32.7,17.09
424,Asadabad,0,IR,1573067651,75,34.78,48.12,42.8,2.24
425,Shitkino,94,RU,1573067653,94,56.37,98.35,29.71,13.13
426,Xinzhi,75,TW,1573067654,73,22.54,120.62,73.4,3.36
427,Lubao,97,CD,1573067655,92,-5.39,25.75,72.03,1.16
428,Geraldton,90,CA,1573067656,67,49.72,-86.95,19.4,10.29
429,Monrovia,20,LR,1573067657,94,6.33,-10.8,78.8,9.53
430,Bindura,4,ZW,1573067658,29,-17.3,31.33,75.45,5.97
431,Havlickuv Brod,55,CZ,1573067660,87,49.61,15.58,46.99,6.93
432,Gornopravdinsk,100,RU,1573067661,96,60.06,69.92,37.74,12.82
433,Tuy Hoa,100,VN,1573067662,83,13.08,109.3,77.59,14.27
434,Cururupu,81,BR,1573067663,53,-1.82,-44.87,88.47,5.84
435,Mirnyy,100,RU,1573067664,92,56.57,36.46,39.52,8.59
436,Huilong,31,CN,1573067665,84,31.15,106.5,55.0,2.3
437,Opuwo,54,NA,1573067667,24,-18.06,13.84,82.94,5.08
438,Fort-Shevchenko,100,KZ,1573067668,47,44.51,50.26,46.72,7.87
439,Pyapon,97,MM,1573067669,91,16.29,95.68,76.5,4.54
440,Windhoek,65,NA,1573067435,38,-22.57,17.08,75.99,7.49
441,Ilulissat,75,GL,1573067671,68,69.22,-51.1,30.2,14.99
442,Mahajanga,40,MG,1573067672,74,-15.72,46.32,82.4,2.24
443,Puqi,83,CN,1573067674,69,29.72,113.88,56.5,1.57
444,Ciudad Bolivar,25,VE,1573067675,45,8.12,-63.55,92.61,8.59
445,Utete,100,TZ,1573067676,93,-7.99,38.76,73.62,1.05
446,Uchiza,54,PE,1573067677,47,-8.46,-76.46,85.41,1.88
447,Yatou,75,CM,1573067679,88,3.63,9.81,82.4,2.24
448,Burgeo,100,CA,1573067680,91,47.61,-57.61,49.01,29.44
449,Mandalgovi,0,MN,1573067681,53,45.76,106.27,28.42,8.57
450,Udachnyy,100,RU,1573067682,83,66.42,112.4,-13.01,4.47
451,Kirovskiy,90,RU,1573067684,56,45.09,133.51,26.71,7.16
452,Skowhegan,1,US,1573067685,33,44.77,-69.72,48.99,13.87
453,Ambunti,100,PG,1573067686,98,-4.22,142.82,73.26,0.43
454,Lahaina,40,US,1573067688,78,20.87,-156.68,78.8,12.75
455,Luena,100,AO,1573067689,85,-11.78,19.91,65.05,5.88
456,Wanning,75,AT,1573067690,100,48.64,13.53,45.0,2.24
457,Biu,8,NG,1573067692,33,10.61,12.19,81.68,1.39
458,Kalmunai,61,LK,1573067693,76,7.42,81.82,81.14,3.47
459,San Juan,0,AR,1573067694,15,-31.54,-68.53,89.78,8.63
460,Mahasamund,62,IN,1573067695,78,21.11,82.1,71.6,3.36
461,Sioux Lookout,90,CA,1573067696,61,50.1,-91.92,15.8,13.87
462,Dhankuta,0,NP,1573067698,91,26.98,87.34,55.11,4.34
463,Saint-Joseph,0,FR,1573067699,81,43.56,6.97,57.0,4.7
464,Victor Harbor,75,AU,1573067700,71,-35.55,138.62,57.2,19.46
465,Mokolo,1,CM,1573067701,33,10.74,13.8,81.99,1.5
466,Esmeralda,0,CL,1573067702,18,-34.33,-70.9,84.2,10.29
467,Bhindar,75,PK,1573067704,77,32.5,74.45,68.0,4.7
468,Cabo San Lucas,40,MX,1573067480,70,22.89,-109.91,86.0,4.7
469,Umm Lajj,0,SA,1573067706,47,25.02,37.27,78.98,2.24
470,Koslan,24,RU,1573067707,95,63.46,48.9,14.7,5.17
471,Ajdabiya,0,LY,1573067708,39,30.75,20.22,74.46,9.28
472,Pevek,100,RU,1573067709,81,69.7,170.27,23.31,3.71
473,Hambantota,90,LK,1573067711,100,6.12,81.12,78.8,4.7
474,Kerrville,90,US,1573067712,88,30.05,-99.14,78.01,13.87
475,Riyadh,89,SA,1573067545,29,24.63,46.72,77.0,5.82
476,Tsabong,77,BW,1573067714,31,-26.02,22.4,80.8,5.59
477,Dayong,5,CN,1573067715,68,25.02,118.29,66.2,4.47
478,Paita,6,PE,1573067717,100,-5.09,-81.11,62.6,13.87
479,Kidal,0,ML,1573067718,14,18.44,1.41,87.35,7.99
480,Deputatskiy,96,RU,1573067719,96,69.3,139.9,-3.34,3.11
481,Butterworth,75,MY,1573067720,100,5.4,100.37,75.2,3.36
482,Westport,1,US,1573067503,34,41.14,-73.36,55.99,8.05
483,Inhambane,20,MZ,1573067723,83,-23.87,35.38,77.0,13.87
484,Sambava,100,MG,1573067724,97,-14.27,50.17,70.65,2.71
485,Pinega,63,RU,1573067725,96,64.7,43.39,18.77,2.48
486,Rome,45,IT,1573067473,81,41.89,12.48,59.0,5.82
487,Thayetmyo,89,MM,1573067668,82,19.32,95.18,73.47,0.09
488,Payo,80,ID,1573067728,68,-3.75,103.64,66.96,5.08
489,Banjar,89,ID,1573067732,81,-7.37,108.54,73.74,1.63
490,Lazaro Cardenas,75,MX,1573067734,44,28.39,-105.62,75.2,12.75
491,Balgazyn,7,RU,1573067735,78,51.0,95.2,26.02,0.54
492,Saint-Ambroise,75,CA,1573067736,46,48.56,-71.32,33.01,21.92
493,Tautira,20,PF,1573067737,61,-17.73,-149.15,84.0,6.93
494,Jasper,1,US,1573067738,35,33.83,-87.28,75.0,10.29
495,Kieta,86,PG,1573067740,76,-6.22,155.63,80.38,4.0
496,College,90,US,1573067741,86,64.86,-147.8,26.6,3.36
497,Basco,1,US,1573067742,62,40.33,-91.2,59.0,9.17
498,Egvekinot,86,RU,1573067744,80,66.32,-179.17,11.03,8.5
499,Puntarenas,90,CR,1573067580,69,9.98,-84.84,73.4,17.22
500,Kayerkan,75,RU,1573067746,78,69.35,87.76,14.0,15.66
501,Apt,0,FR,1573067748,71,43.88,5.4,51.8,3.36
502,Alausi,75,EC,1573067749,49,-2.2,-78.83,68.0,20.8
503,Kamakwie,56,SL,1573067751,83,9.5,-12.24,81.03,1.43
504,Kiama,40,AU,1573067752,20,-34.67,150.86,70.0,19.46
505,Lavrentiya,11,RU,1573067753,81,65.58,-170.99,25.07,13.87
506,Lewiston,1,US,1573067755,31,44.1,-70.21,52.0,11.41
507,Qianan,17,CN,1573067756,51,44.99,124.06,24.53,8.79
508,Darnah,33,LY,1573067757,63,32.77,22.64,76.24,6.08
509,Ust-Kuyga,100,RU,1573067759,99,70.0,135.55,-6.58,1.05
510,Shimoda,0,JP,1573067760,91,34.7,138.93,46.99,11.07
511,Khani,0,GE,1573067761,81,41.96,42.96,50.0,3.36
512,Bilma,0,NE,1573067763,15,18.69,12.92,82.81,8.46
513,Zaragoza,20,SV,1573067764,46,13.59,-89.29,91.4,11.41
514,Burla,62,RU,1573067765,76,53.34,78.33,30.13,14.18
515,Kalianget,76,ID,1573067766,88,-7.35,109.91,68.7,1.68
516,Xuddur,99,SO,1573067768,81,4.12,43.89,75.42,7.38
517,Benito Juarez,75,CU,1573067769,62,22.29,-79.63,86.0,16.11
518,Salinopolis,11,BR,1573067770,77,-0.61,-47.36,81.97,15.5
519,Veraval,90,FR,1573067772,100,49.65,0.71,50.0,5.82
520,Axim,90,GH,1573067773,88,4.87,-2.24,78.39,4.76
521,Waddan,0,LY,1573067774,21,29.16,16.14,78.58,11.7
522,Corn Island,90,NI,1573067775,79,12.17,-83.04,82.8,17.72
523,Ahuimanu,75,US,1573067776,74,21.44,-157.84,81.0,13.87
524,Prenzlau,95,DE,1573067777,100,53.32,13.87,46.0,1.99
525,Pyu,70,MM,1573067779,92,18.48,96.43,73.06,2.75
526,Uberlandia,40,BR,1573067780,48,-18.92,-48.28,82.4,8.05
527,Henties Bay,0,NA,1573067781,81,-22.12,14.28,64.99,1.01
528,Necochea,0,AR,1573067782,28,-38.55,-58.74,87.01,15.01
529,Nouadhibou,25,MR,1573067783,46,20.93,-17.03,73.4,17.22
530,Antofagasta,20,CL,1573067785,63,-23.65,-70.4,64.4,13.87
531,Mimongo,84,GA,1573067786,96,-1.62,11.6,70.57,2.66
532,Zyryanovsk,99,KZ,1573067787,88,49.74,84.27,31.82,2.17
533,San Martin,1,US,1573067788,59,37.08,-121.61,71.01,2.08
534,Saint-Raymond,40,CA,1573067790,43,46.89,-71.84,39.0,10.29
535,Dzilam Gonzalez,99,MX,1573067791,66,21.28,-88.93,89.01,8.01
536,Caraballeda,75,VE,1573067792,58,10.61,-66.85,87.8,4.7
537,Urusha,21,RU,1573067793,83,54.05,122.9,-3.82,3.78
538,Fortuna,90,US,1573067794,100,40.6,-124.16,52.0,4.7
539,Mumford,45,GH,1573067796,89,5.26,-0.76,77.36,6.55
540,Bima,89,ID,1573067797,92,-8.45,118.73,72.09,2.98
541,Maraa,91,BR,1573067798,46,-1.83,-65.37,93.92,4.61
542,Haileybury,90,CA,1573067800,68,47.44,-79.64,28.4,16.11
543,Hokitika,100,NZ,1573067801,94,-42.72,170.96,56.71,21.07
544,Camopi,41,GF,1573067802,46,3.17,-52.33,91.29,4.59
545,Greenfield,1,US,1573067570,27,42.59,-72.6,53.01,17.22
546,Klaksvik,55,FO,1573067805,64,62.23,-6.59,32.0,3.36
547,Faya,0,SA,1573067806,82,18.39,42.45,66.2,10.94
548,Ngunguru,26,NZ,1573067808,95,-35.62,174.5,59.0,1.01
